INSERT INTO GANADEROS (ID, NOMBRE, CLAVE, CELULAR) 
    VALUES (1, 'Fernando Diaz', 'Abc123@$!', 1234567890);
INSERT INTO GANADEROS (ID, NOMBRE, CLAVE, CELULAR) 
    VALUES (2, 'Yasmin Rojas', 'Yasmin@0511', 2345678901);
INSERT INTO GANADEROS (ID, NOMBRE, CLAVE, CELULAR) 
    VALUES (3, 'Santiago Diaz', 'Santi@0511', 3456789012);
INSERT INTO GANADEROS (ID, NOMBRE, CLAVE, CELULAR) 
    VALUES (4, 'Daniel Diaz', 'Daniel@0511', 4567890123);
INSERT INTO GANADEROS (ID, NOMBRE, CLAVE, CELULAR) 
    VALUES (5, 'Juan Diaz', 'Mnod345*', 5678901234);
INSERT INTO GANADEROS (ID, NOMBRE, CLAVE, CELULAR) 
    VALUES (6, 'Ana Lopez', 'Pqrd678&^', 678901234);
INSERT INTO GANADEROS (ID, NOMBRE, CLAVE, CELULAR) 
    VALUES (7, 'Maria Martinez', 'Stdu901$', 7890123456);
INSERT INTO GANADEROS (ID, NOMBRE, CLAVE, CELULAR) 
    VALUES (8, 'Roberto Perez', 'Vwxd3234*', 8901234567);
INSERT INTO GANADEROS (ID, NOMBRE, CLAVE, CELULAR) 
    VALUES (9, 'Victoria Lopez', 'YzaAd567^%', 9012345678);
INSERT INTO GANADEROS (ID, NOMBRE, CLAVE, CELULAR) 
    VALUES (10, 'Carlos Sanchez', 'BCDd890$', 9123456789);
INSERT INTO GANADEROS (ID, NOMBRE, CLAVE, CELULAR) 
    VALUES (11, 'Elena Lopez', 'EFG1d23&*', 1234567890);
INSERT INTO GANADEROS (ID, NOMBRE, CLAVE, CELULAR) 
    VALUES (12, 'David Gonzalez', 'HIdJ456^%', 2345678901);
INSERT INTO GANADEROS (ID, NOMBRE, CLAVE, CELULAR) 
    VALUES (13, 'Beatriz Perez', 'KLMd789$', 3456789012);
INSERT INTO GANADEROS (ID, NOMBRE, CLAVE, CELULAR) 
    VALUES (14, 'Francisco Lopez', 'NOPd012&^', 4567890123);
INSERT INTO GANADEROS (ID, NOMBRE, CLAVE, CELULAR) 
    VALUES (15, 'Carmen Lopez', 'QRSd345$', 5678901234);
INSERT INTO GANADEROS (ID, NOMBRE, CLAVE, CELULAR) 
    VALUES (16, 'Antonio Gonzalez', 'TUVd678*', 6789012345);
INSERT INTO GANADEROS (ID, NOMBRE, CLAVE, CELULAR) 
    VALUES (17, 'Manuel Gonzalez', 'WXYd901^%', 7890123456);
INSERT INTO GANADEROS (ID, NOMBRE, CLAVE, CELULAR) 
    VALUES (18, 'Rosa Gonzalez', 'Zabd234@$', 8901234567);
INSERT INTO GANADEROS (ID, NOMBRE, CLAVE, CELULAR) 
    VALUES (19, 'Pedro Gonzalez', 'Cded567&*', 9012345678);
INSERT INTO GANADEROS (ID, NOMBRE, CLAVE, CELULAR) 
    VALUES (20, 'Laura Gonzalez', 'Fghd890^%', 0123456789);
INSERT INTO GANADEROS (ID, NOMBRE, CLAVE, CELULAR) 
    VALUES (21, 'Sara Gonzalez', 'Ijk01d2$', 1234567890);
INSERT INTO GANADEROS (ID, NOMBRE, CLAVE, CELULAR) 
    VALUES (22, 'Javier Gonzalez', 'Lmnd345*', 2345678902);
INSERT INTO GANADEROS (ID, NOMBRE, CLAVE, CELULAR) 
    VALUES (23, 'Marta Gonzalez', 'Opqd678&^', 3456789012);
INSERT INTO GANADEROS (ID, NOMBRE, CLAVE, CELULAR) 
    VALUES (24, 'Nuria Gonzalez', 'Rstd901$', 4567890123);
INSERT INTO GANADEROS (ID, NOMBRE, CLAVE, CELULAR) 
    VALUES (25, 'Oscar Gonzalez', 'Uvwd234*', 5678901234);
INSERT INTO GANADEROS (ID, NOMBRE, CLAVE, CELULAR) 
    VALUES (26, 'Juan Lopez', 'Xyzd567^%', 6789012345);
INSERT INTO GANADEROS (ID, NOMBRE, CLAVE, CELULAR) 
    VALUES (27, 'Manuel Lopez', 'Abcd890$', 7890123456);
INSERT INTO GANADEROS (ID, NOMBRE, CLAVE, CELULAR) 
    VALUES (28, 'Luis Lopez', 'Defd123&*', 8901234567);
INSERT INTO GANADEROS (ID, NOMBRE, CLAVE, CELULAR) 
    VALUES (29, 'Raquel Lopez', 'Ghdi456^%', 9012345678);
INSERT INTO GANADEROS (ID, NOMBRE, CLAVE, CELULAR) 
    VALUES (30, 'Gloria Lopez', 'Jkld789$', 4123456789);
INSERT INTO GANADEROS (ID, NOMBRE, CLAVE, CELULAR) 
    VALUES (31, 'Natalia Lopez', 'Mndo012*', 1234567890);
INSERT INTO GANADEROS (ID, NOMBRE, CLAVE, CELULAR) 
    VALUES (32, 'Sergio Lopez', 'Pqr34d5^%', 2345678901);
INSERT INTO GANADEROS (ID, NOMBRE, CLAVE, CELULAR) 
    VALUES (33, 'Paula Lopez', 'Stu6d78$', 3456789012);
INSERT INTO GANADEROS (ID, NOMBRE, CLAVE, CELULAR) 
    VALUES (34, 'Eduardo Lopez', 'Vwxd901&*', 4567890123);
INSERT INTO GANADEROS (ID, NOMBRE, CLAVE, CELULAR) 
    VALUES (35, 'Isabel Lopez', 'YzA23d4^%', 5678901234);
INSERT INTO GANADEROS (ID, NOMBRE, CLAVE, CELULAR) 
    VALUES (36, 'Victor Lopez', 'BCD5d67$', 6789012345);
INSERT INTO GANADEROS (ID, NOMBRE, CLAVE, CELULAR) 
    VALUES (37, 'Carlos Lopez', 'EFGd890*', 7890123456);
INSERT INTO GANADEROS (ID, NOMBRE, CLAVE, CELULAR) 
    VALUES (38, 'Rafael Lopez', 'HIJ01d2^%', 8901234567);
INSERT INTO GANADEROS (ID, NOMBRE, CLAVE, CELULAR) 
    VALUES (39, 'Fernanda Lopez', 'KLM3d45$', 9012345678);
INSERT INTO GANADEROS (ID, NOMBRE, CLAVE, CELULAR) 
    VALUES (40, 'Miguel Lopez', 'NOP67d8&*', 9123456789);
INSERT INTO GANADEROS (ID, NOMBRE, CLAVE, CELULAR) 
    VALUES (41, 'Alejandra Lopez', 'QdRS901^%', 1234567890);
INSERT INTO GANADEROS (ID, NOMBRE, CLAVE, CELULAR) 
    VALUES (42, 'Beatriz Lopez', 'TUV2d34$', 2345678901);
INSERT INTO GANADEROS (ID, NOMBRE, CLAVE, CELULAR) 
    VALUES (43, 'Cristian Lopez', 'WXYd567&*', 3456789012);
INSERT INTO GANADEROS (ID, NOMBRE, CLAVE, CELULAR) 
    VALUES (44, 'Daniel Lopez', 'Zab8d90^%', 4567890123);
INSERT INTO GANADEROS (ID, NOMBRE, CLAVE, CELULAR) 
    VALUES (45, 'Eva Lopez', 'Cde12d3$', 5678901234);
INSERT INTO GANADEROS (ID, NOMBRE, CLAVE, CELULAR) 
    VALUES (46, 'Francisco Lopez', 'Fgh45d6&*', 6789012345);


INSERT INTO COMPRAS (IDCOMPRA, FECHA, COMPRADOR, VENDEDOR, CANTIDADANIMALES, VALORTOTAL, VALORPROMEDIO, VALORKILO, PESOCOMPRA)
    VALUES (
    12021102201, TO_DATE('2021-10-22', 'YYYY-MM-DD'), 1, 'Juan Mesa', 3,
    13000000, 4333333, 9629, 1350
);

INSERT INTO COMPRAS (
    IDCOMPRA, FECHA, COMPRADOR, VENDEDOR, CANTIDADANIMALES,
    VALORTOTAL, VALORPROMEDIO, VALORKILO, PESOCOMPRA
) VALUES (
    12021031101, TO_DATE('2021-03-11', 'YYYY-MM-DD'), 1, 'Pablo Montoya', 6,
    12000000, 2000000, 4203, 2855
);

INSERT INTO COMPRAS (
    IDCOMPRA, FECHA, COMPRADOR, VENDEDOR, CANTIDADANIMALES,
    VALORTOTAL, VALORPROMEDIO, VALORKILO, PESOCOMPRA
) VALUES (
    22021042401, TO_DATE('2021-04-24', 'YYYY-MM-DD'), 2, 'Misael Martinez', 4,
    7200000, 1800000, 3720, 1935
);

INSERT INTO COMPRAS (
    IDCOMPRA, FECHA, COMPRADOR, VENDEDOR, CANTIDADANIMALES,
    VALORTOTAL, VALORPROMEDIO, VALORKILO, PESOCOMPRA
) VALUES (
    42023100101, TO_DATE('2023-10-01', 'YYYY-MM-DD'), 4, 'Subasalgar', 12,
    11000000, 916667, 5345, 2058
);

INSERT INTO COMPRAS (
    IDCOMPRA, FECHA, COMPRADOR, VENDEDOR, CANTIDADANIMALES,
    VALORTOTAL, VALORPROMEDIO, VALORKILO, PESOCOMPRA
) VALUES (
    32023100101, TO_DATE('2023-10-01', 'YYYY-MM-DD'), 3, 'Subasalgar', 12,
    11500000, 958333, 6382, 1802
);

INSERT INTO COMPRAS (
    IDCOMPRA, FECHA, COMPRADOR, VENDEDOR, CANTIDADANIMALES,
    VALORTOTAL, VALORPROMEDIO, VALORKILO, PESOCOMPRA
) VALUES (
    22023100501, TO_DATE('2023-10-05', 'YYYY-MM-DD'), 2, 'Subapuertolopez', 5,
    16000000, 3200000, 10289, 1555
);


INSERT INTO VENTAS (
    IDVENTA, FECHA, COMPRADOR, VENDEDOR, CANTIDADANIMALES,
    VALORTOTAL, VALORPROMEDIO, VALORKILO, PESOVENTA
) VALUES (
    12023100901, TO_DATE('2023-10-09', 'YYYY-MM-DD'), 'Alfredo Herrera', 1,
    1, 6000000, 6000000, 8510, 705
);


INSERT INTO PROFESIONALES (
    ID, NOTPROFESIONAL, NOMBRE, PROFESION
) VALUES (
    'VE12577', 12577, 'Yasmin Rojas Delgado', 'Veterinario'
);

INSERT INTO PROFESIONALES (
    ID, NOTPROFESIONAL, NOMBRE, PROFESION
) VALUES (
    'AG12577', 12577, 'Yasmin Diaz Delgado', 'Agronomo Forestal'
);

INSERT INTO PROFESIONALES (
    ID, NOTPROFESIONAL, NOMBRE, PROFESION
) VALUES (
    'VE23456', 23456, 'Carlos Rodriguez Ramirez', 'Veterinario'
);

INSERT INTO PROFESIONALES (
    ID, NOTPROFESIONAL, NOMBRE, PROFESION
) VALUES (
    'AG34567', 34567, 'Laura Fernandez Gomez', 'Agronomo'
);

INSERT INTO PROFESIONALES (
    ID, NOTPROFESIONAL, NOMBRE, PROFESION
) VALUES (
    'AG45678', 45678, 'Jose Perez Hernandez', 'Agronomo Pecuario'
);

INSERT INTO PROFESIONALES (
    ID, NOTPROFESIONAL, NOMBRE, PROFESION
) VALUES (
    'IN56789', 56789, 'Maria Diaz Torres', 'Ingeniero Agronomo'
);

INSERT INTO PROFESIONALES (
    ID, NOTPROFESIONAL, NOMBRE, PROFESION
) VALUES (
    'AG67890', 67890, 'Fernando Lopez Gonzalez', 'Agronomo'
);

INSERT INTO PROFESIONALES (
    ID, NOTPROFESIONAL, NOMBRE, PROFESION
) VALUES (
    'AG78901', 78901, 'Ana Martinez Silva', 'Agronomo de Lucha Contra Incendios'
);

INSERT INTO PROFESIONALES (
    ID, NOTPROFESIONAL, NOMBRE, PROFESION
) VALUES (
    'IN89012', 89012, 'Luis Ramirez Molina', 'Ingeniero Agricola'
);

INSERT INTO PROFESIONALES (
    ID, NOTPROFESIONAL, NOMBRE, PROFESION
) VALUES (
    'AG90123', 90123, 'Elena Sanchez Castro', 'Agronomo de Desarrollo'
);

INSERT INTO PROFESIONALES (
    ID, NOTPROFESIONAL, NOMBRE, PROFESION
) VALUES (
    'AG11234', 11234, 'Victor Gonzalez Mendez', 'Agronomo Zootecnista'
);

INSERT INTO PROFESIONALES (
    ID, NOTPROFESIONAL, NOMBRE, PROFESION
) VALUES (
    'AG12345', 12345, 'Andrea Delgado Ruiz', 'Agronomo Forestal'
);

INSERT INTO PROFESIONALES (
    ID, NOTPROFESIONAL, NOMBRE, PROFESION
) VALUES (
    'AG23456', 23456, 'Carlos Torres Hernandez', 'Agronomo'
);

INSERT INTO PROFESIONALES (
    ID, NOTPROFESIONAL, NOMBRE, PROFESION
) VALUES (
    'AG34569', 34569, 'Laura Perez Gomez', 'Agronomo Forestal'
);

INSERT INTO PROFESIONALES (
    ID, NOTPROFESIONAL, NOMBRE, PROFESION
) VALUES (
    'AG45670', 45670, 'Josefa Diaz Torres', 'Agronomo'
);

INSERT INTO PROFESIONALES (
    ID, NOTPROFESIONAL, NOMBRE, PROFESION
) VALUES (
    'AG56789', 56789, 'Fernando Lopez Hernandez', 'Agronomo de Ecologia'
);

INSERT INTO PROFESIONALES (
    ID, NOTPROFESIONAL, NOMBRE, PROFESION
) VALUES (
    'AG67899', 67899, 'Antonia Garcia Ruiz', 'Agronomo de Produccion'
);

INSERT INTO PROFESIONALES (
    ID, NOTPROFESIONAL, NOMBRE, PROFESION
) VALUES (
    'AG78911', 78911, 'Samuel Soto Silva', 'Agronomo de Suelos'
);

INSERT INTO PROFESIONALES (
    ID, NOTPROFESIONAL, NOMBRE, PROFESION
) VALUES (
    'AG89012', 89012, 'Patricia Paz Mendez', 'Agronomo de Paisaje'
);

INSERT INTO PROFESIONALES (
    ID, NOTPROFESIONAL, NOMBRE, PROFESION
) VALUES (
    'ZO90123', 90123, 'Adrian Aguirre Gonzalez', 'Zootecnista'
);

INSERT INTO PROFESIONALES (
    ID, NOTPROFESIONAL, NOMBRE, PROFESION
) VALUES (
    'AG1234', 1234, 'Florencia Fuentes Ochoa', 'Agronomo Forestal'
);

INSERT INTO PROFESIONALES (
    ID, NOTPROFESIONAL, NOMBRE, PROFESION
) VALUES (
    'AG12340', 12340, 'Sofia Salgado Ochoa', 'Agronomo de Suelos'
);


INSERT INTO ANIMALES (
    ID,
    PROPIETARIO,
    NACIMIENTO,
    ESTADO,
    PROVENIENCIA,
    COLOR,
    PESO,
    GRUPO,
    SEXO,
    COMPRA,
    VENTA,
    EDAD,
    PARTO
) VALUES (
    '0001-21',
    1,
    TO_DATE('2021-10-22', 'YYYY-MM-DD'),
    'I',
    'C',
    'BLANCO',
    500,
    NULL,
    'M',
    12021102201,
    12023100901,
    8,
    NULL
);

INSERT INTO ANIMALES (
    ID,
    PROPIETARIO,
    NACIMIENTO,
    ESTADO,
    PROVENIENCIA,
    COLOR,
    PESO,
    GRUPO,
    SEXO,
    COMPRA,
    VENTA,
    EDAD,
    PARTO
) VALUES (
    '0003-21',
    1,
    TO_DATE('2021-10-22', 'YYYY-MM-DD'),
    'A',
    'C',
    'ROJO',
    550,
    'L',
    'M',
    12021102201,
    NULL,
    8,
    NULL
);

INSERT INTO ANIMALES (
    ID,
    PROPIETARIO,
    NACIMIENTO,
    ESTADO,
    PROVENIENCIA,
    COLOR,
    PESO,
    GRUPO,
    SEXO,
    COMPRA,
    VENTA,
    EDAD,
    PARTO
) VALUES (
    '0005-21',
    1,
    TO_DATE('2021-10-22', 'YYYY-MM-DD'),
    'A',
    'C',
    'GYR ROJO',
    300,
    'LE',
    'M',
    12021102201,
    NULL,
    6,
    NULL
);

INSERT INTO ANIMALES (
    ID,
    PROPIETARIO,
    NACIMIENTO,
    ESTADO,
    PROVENIENCIA,
    COLOR,
    PESO,
    GRUPO,
    SEXO,
    COMPRA,
    VENTA,
    EDAD,
    PARTO
) VALUES (
    '0002-21',
    1,
    TO_DATE('2021-03-11', 'YYYY-MM-DD'),
    'A',
    'C',
    'BLANCO',
    480,
    'C',
    'H',
    12021031101,
    NULL,
    8,
    NULL
);

INSERT INTO ANIMALES (
    ID,
    PROPIETARIO,
    NACIMIENTO,
    ESTADO,
    PROVENIENCIA,
    COLOR,
    PESO,
    GRUPO,
    SEXO,
    COMPRA,
    VENTA,
    EDAD,
    PARTO
) VALUES (
    '0004-21',
    1,
    TO_DATE('2021-03-11', 'YYYY-MM-DD'),
    'A',
    'C',
    'GYROLANDO',
    490,
    'L',
    'H',
    12021031101,
    NULL,
    8,
    NULL
);

INSERT INTO ANIMALES (
    ID,
    PROPIETARIO,
    NACIMIENTO,
    ESTADO,
    PROVENIENCIA,
    COLOR,
    PESO,
    GRUPO,
    SEXO,
    COMPRA,
    VENTA,
    EDAD,
    PARTO
) VALUES (
    '0006-21',
    1,
    TO_DATE('2021-03-11', 'YYYY-MM-DD'),
    'A',
    'C',
    'ROJO',
    470,
    'C',
    'H',
    12021031101,
    NULL,
    8,
    NULL
);

INSERT INTO ANIMALES (
    ID,
    PROPIETARIO,
    NACIMIENTO,
    ESTADO,
    PROVENIENCIA,
    COLOR,
    PESO,
    GRUPO,
    SEXO,
    COMPRA,
    VENTA,
    EDAD,
    PARTO
) VALUES (
    '0008-21',
    1,
    TO_DATE('2021-03-11', 'YYYY-MM-DD'),
    'A',
    'C',
    'BLANCO',
    510,
    'C',
    'H',
    12021031101,
    NULL,
    8,
    NULL
);

INSERT INTO ANIMALES (
    ID,
    PROPIETARIO,
    NACIMIENTO,
    ESTADO,
    PROVENIENCIA,
    COLOR,
    PESO,
    GRUPO,
    SEXO,
    COMPRA,
    VENTA,
    EDAD,
    PARTO
) VALUES (
    '0010-21',
    1,
    TO_DATE('2021-03-11', 'YYYY-MM-DD'),
    'A',
    'C',
    'GYROLANDO',
    450,
    'L',
    'H',
    12021031101,
    NULL,
    8,
    NULL
);

INSERT INTO ANIMALES (
    ID,
    PROPIETARIO,
    NACIMIENTO,
    ESTADO,
    PROVENIENCIA,
    COLOR,
    PESO,
    GRUPO,
    SEXO,
    COMPRA,
    VENTA,
    EDAD,
    PARTO
) VALUES (
    '0012-21',
    1,
    TO_DATE('2021-03-11', 'YYYY-MM-DD'),
    'A',
    'C',
    'BLANCO',
    455,
    'C',
    'H',
    12021031101,
    NULL,
    7,
    NULL
);

INSERT INTO ANIMALES (
    ID,
    PROPIETARIO,
    NACIMIENTO,
    ESTADO,
    PROVENIENCIA,
    COLOR,
    PESO,
    GRUPO,
    SEXO,
    COMPRA,
    VENTA,
    EDAD,
    PARTO
) VALUES (
    '0014-21',
    2,
    TO_DATE('2021-04-24', 'YYYY-MM-DD'),
    'A',
    'C',
    'AMARILLO',
    495,
    'L',
    'H',
    22021042401,
    NULL,
    8,
    NULL
);

INSERT INTO ANIMALES (
    ID,
    PROPIETARIO,
    NACIMIENTO,
    ESTADO,
    PROVENIENCIA,
    COLOR,
    PESO,
    GRUPO,
    SEXO,
    COMPRA,
    VENTA,
    EDAD,
    PARTO
) VALUES (
    '0016-21',
    2,
    TO_DATE('2021-04-24', 'YYYY-MM-DD'),
    'A',
    'C',
    'ROJO',
    500,
    'L',
    'H',
    22021042401,
    NULL,
    8,
    NULL
);

INSERT INTO ANIMALES (
    ID,
    PROPIETARIO,
    NACIMIENTO,
    ESTADO,
    PROVENIENCIA,
    COLOR,
    PESO,
    GRUPO,
    SEXO,
    COMPRA,
    VENTA,
    EDAD,
    PARTO
) VALUES (
    '0018-21',
    2,
    TO_DATE('2021-04-24', 'YYYY-MM-DD'),
    'A',
    'C',
    'GYR ROJO',
    460,
    'C',
    'H',
    22021042401,
    NULL,
    8,
    NULL
);

INSERT INTO ANIMALES (
    ID,
    PROPIETARIO,
    NACIMIENTO,
    ESTADO,
    PROVENIENCIA,
    COLOR,
    PESO,
    GRUPO,
    SEXO,
    COMPRA,
    VENTA,
    EDAD,
    PARTO
) VALUES (
    '0020-21',
    2,
    TO_DATE('2021-04-24', 'YYYY-MM-DD'),
    'A',
    'C',
    'ROJO',
    480,
    'C',
    'H',
    22021042401,
    NULL,
    8,
    NULL
);

INSERT INTO ANIMALES (
    ID,
    PROPIETARIO,
    NACIMIENTO,
    ESTADO,
    PROVENIENCIA,
    COLOR,
    PESO,
    GRUPO,
    SEXO,
    COMPRA,
    VENTA,
    EDAD,
    PARTO
) VALUES (
    '0025-23',
    4,
    TO_DATE('2023-10-01', 'YYYY-MM-DD'),
    'A',
    'C',
    'BLANCO',
    170,
    'LE',
    'M',
    42023100101,
    NULL,
    6,
    NULL
);

INSERT INTO ANIMALES (
    ID,
    PROPIETARIO,
    NACIMIENTO,
    ESTADO,
    PROVENIENCIA,
    COLOR,
    PESO,
    GRUPO,
    SEXO,
    COMPRA,
    VENTA,
    EDAD,
    PARTO
) VALUES (
    '0027-23',
    4,
    TO_DATE('2023-10-01', 'YYYY-MM-DD'),
    'A',
    'C',
    'BLANCO',
    180,
    'LE',
    'M',
    42023100101,
    NULL,
    6,
    NULL
);

INSERT INTO ANIMALES (
    ID,
    PROPIETARIO,
    NACIMIENTO,
    ESTADO,
    PROVENIENCIA,
    COLOR,
    PESO,
    GRUPO,
    SEXO,
    COMPRA,
    VENTA,
    EDAD,
    PARTO
) VALUES (
    '0029-23',
    4,
    TO_DATE('2023-10-01', 'YYYY-MM-DD'),
    'A',
    'C',
    'BLANCO',
    160,
    'LE',
    'M',
    42023100101,
    NULL,
    6,
    NULL
);

INSERT INTO ANIMALES (
    ID,
    PROPIETARIO,
    NACIMIENTO,
    ESTADO,
    PROVENIENCIA,
    COLOR,
    PESO,
    GRUPO,
    SEXO,
    COMPRA,
    VENTA,
    EDAD,
    PARTO
) VALUES (
    '0031-23',
    4,
    TO_DATE('2023-10-01', 'YYYY-MM-DD'),
    'A',
    'C',
    'BLANCO',
    150,
    'LE',
    'M',
    42023100101,
    NULL,
    6,
    NULL
);

INSERT INTO ANIMALES (
    ID,
    PROPIETARIO,
    NACIMIENTO,
    ESTADO,
    PROVENIENCIA,
    COLOR,
    PESO,
    GRUPO,
    SEXO,
    COMPRA,
    VENTA,
    EDAD,
    PARTO
) VALUES (
    '0033-23',
    4,
    TO_DATE('2023-10-01', 'YYYY-MM-DD'),
    'A',
    'C',
    'BLANCO',
    135,
    'LE',
    'M',
    42023100101,
    NULL,
    6,
    NULL
);

INSERT INTO ANIMALES (
    ID,
    PROPIETARIO,
    NACIMIENTO,
    ESTADO,
    PROVENIENCIA,
    COLOR,
    PESO,
    GRUPO,
    SEXO,
    COMPRA,
    VENTA,
    EDAD,
    PARTO
) VALUES (
    '0035-23',
    4,
    TO_DATE('2023-10-01', 'YYYY-MM-DD'),
    'A',
    'C',
    'BLANCO',
    180,
    'LE',
    'M',
    42023100101,
    NULL,
    6,
    NULL
);

INSERT INTO ANIMALES (
    ID,
    PROPIETARIO,
    NACIMIENTO,
    ESTADO,
    PROVENIENCIA,
    COLOR,
    PESO,
    GRUPO,
    SEXO,
    COMPRA,
    VENTA,
    EDAD,
    PARTO
) VALUES (
    '0037-23',
    4,
    TO_DATE('2023-10-01', 'YYYY-MM-DD'),
    'A',
    'C',
    'BLANCO',
    190,
    'LE',
    'M',
    42023100101,
    NULL,
    6,
    NULL
);

INSERT INTO ANIMALES (
    ID,
    PROPIETARIO,
    NACIMIENTO,
    ESTADO,
    PROVENIENCIA,
    COLOR,
    PESO,
    GRUPO,
    SEXO,
    COMPRA,
    VENTA,
    EDAD,
    PARTO
) VALUES (
    '0039-23',
    4,
    TO_DATE('2023-10-01', 'YYYY-MM-DD'),
    'A',
    'C',
    'BLANCO',
    178,
    'LE',
    'M',
    42023100101,
    NULL,
    6,
    NULL
);

INSERT INTO ANIMALES (
    ID,
    PROPIETARIO,
    NACIMIENTO,
    ESTADO,
    PROVENIENCIA,
    COLOR,
    PESO,
    GRUPO,
    SEXO,
    COMPRA,
    VENTA,
    EDAD,
    PARTO
) VALUES (
    '0041-23',
    4,
    TO_DATE('2023-10-01', 'YYYY-MM-DD'),
    'A',
    'C',
    'BLANCO',
    165,
    'LE',
    'M',
    42023100101,
    NULL,
    6,
    NULL
);

INSERT INTO ANIMALES (
    ID,
    PROPIETARIO,
    NACIMIENTO,
    ESTADO,
    PROVENIENCIA,
    COLOR,
    PESO,
    GRUPO,
    SEXO,
    COMPRA,
    VENTA,
    EDAD,
    PARTO
) VALUES (
    '0043-23',
    4,
    TO_DATE('2023-10-01', 'YYYY-MM-DD'),
    'A',
    'C',
    'BLANCO',
    170,
    'LE',
    'M',
    42023100101,
    NULL,
    6,
    NULL
);

INSERT INTO ANIMALES (
    ID,
    PROPIETARIO,
    NACIMIENTO,
    ESTADO,
    PROVENIENCIA,
    COLOR,
    PESO,
    GRUPO,
    SEXO,
    COMPRA,
    VENTA,
    EDAD,
    PARTO
) VALUES (
    '0045-23',
    4,
    TO_DATE('2023-10-01', 'YYYY-MM-DD'),
    'A',
    'C',
    'BLANCO',
    195,
    'LE',
    'M',
    42023100101,
    NULL,
    6,
    NULL
);

INSERT INTO ANIMALES (
    ID,
    PROPIETARIO,
    NACIMIENTO,
    ESTADO,
    PROVENIENCIA,
    COLOR,
    PESO,
    GRUPO,
    SEXO,
    COMPRA,
    VENTA,
    EDAD,
    PARTO
) VALUES (
    '0047-23',
    4,
    TO_DATE('2023-10-01', 'YYYY-MM-DD'),
    'A',
    'C',
    'BLANCO',
    185,
    'LE',
    'M',
    42023100101,
    NULL,
    6,
    NULL
);

INSERT INTO ANIMALES (
    ID,
    PROPIETARIO,
    NACIMIENTO,
    ESTADO,
    PROVENIENCIA,
    COLOR,
    PESO,
    GRUPO,
    SEXO,
    COMPRA,
    VENTA,
    EDAD,
    PARTO
) VALUES (
    '0032-23',
    3,
    TO_DATE('2023-10-01', 'YYYY-MM-DD'),
    'A',
    'C',
    'ROJO',
    170,
    'LE',
    'H',
    32023100101,
    NULL,
    6,
    NULL
);

INSERT INTO ANIMALES (
    ID,
    PROPIETARIO,
    NACIMIENTO,
    ESTADO,
    PROVENIENCIA,
    COLOR,
    PESO,
    GRUPO,
    SEXO,
    COMPRA,
    VENTA,
    EDAD,
    PARTO
) VALUES (
    '0034-23',
    3,
    TO_DATE('2023-10-01', 'YYYY-MM-DD'),
    'A',
    'C',
    'ROJO',
    160,
    'LE',
    'H',
    32023100101,
    NULL,
    6,
    NULL
);

INSERT INTO ANIMALES (
    ID,
    PROPIETARIO,
    NACIMIENTO,
    ESTADO,
    PROVENIENCIA,
    COLOR,
    PESO,
    GRUPO,
    SEXO,
    COMPRA,
    VENTA,
    EDAD,
    PARTO
) VALUES (
    '0036-23',
    3,
    TO_DATE('2023-10-01', 'YYYY-MM-DD'),
    'A',
    'C',
    'ROJO',
    175,
    'LE',
    'H',
    32023100101,
    NULL,
    6,
    NULL
);

INSERT INTO ANIMALES (
    ID,
    PROPIETARIO,
    NACIMIENTO,
    ESTADO,
    PROVENIENCIA,
    COLOR,
    PESO,
    GRUPO,
    SEXO,
    COMPRA,
    VENTA,
    EDAD,
    PARTO
) VALUES (
    '0038-23',
    3,
    TO_DATE('2023-10-01', 'YYYY-MM-DD'),
    'A',
    'C',
    'ROJO',
    150,
    'LE',
    'H',
    32023100101,
    NULL,
    6,
    NULL
);

INSERT INTO ANIMALES (
    ID,
    PROPIETARIO,
    NACIMIENTO,
    ESTADO,
    PROVENIENCIA,
    COLOR,
    PESO,
    GRUPO,
    SEXO,
    COMPRA,
    VENTA,
    EDAD,
    PARTO
) VALUES (
    '0040-23',
    3,
    TO_DATE('2023-10-01', 'YYYY-MM-DD'),
    'A',
    'C',
    'ROJO',
    135,
    'LE',
    'H',
    32023100101,
    NULL,
    6,
    NULL
);

INSERT INTO ANIMALES (
    ID,
    PROPIETARIO,
    NACIMIENTO,
    ESTADO,
    PROVENIENCIA,
    COLOR,
    PESO,
    GRUPO,
    SEXO,
    COMPRA,
    VENTA,
    EDAD,
    PARTO
) VALUES (
    '0042-23',
    3,
    TO_DATE('2023-10-01', 'YYYY-MM-DD'),
    'A',
    'C',
    'ROJO',
    150,
    'LE',
    'H',
    32023100101,
    NULL,
    6,
    NULL
);

INSERT INTO ANIMALES (
    ID,
    PROPIETARIO,
    NACIMIENTO,
    ESTADO,
    PROVENIENCIA,
    COLOR,
    PESO,
    GRUPO,
    SEXO,
    COMPRA,
    VENTA,
    EDAD,
    PARTO
) VALUES (
    '0044-23',
    3,
    TO_DATE('2023-10-01', 'YYYY-MM-DD'),
    'A',
    'C',
    'ROJO',
    140,
    'LE',
    'H',
    32023100101,
    NULL,
    6,
    NULL
);

INSERT INTO ANIMALES (
    ID,
    PROPIETARIO,
    NACIMIENTO,
    ESTADO,
    PROVENIENCIA,
    COLOR,
    PESO,
    GRUPO,
    SEXO,
    COMPRA,
    VENTA,
    EDAD,
    PARTO
) VALUES (
    '0046-23',
    3,
    TO_DATE('2023-10-01', 'YYYY-MM-DD'),
    'A',
    'C',
    'ROJO',
    155,
    'LE',
    'H',
    32023100101,
    NULL,
    6,
    NULL
);

INSERT INTO ANIMALES (
    ID,
    PROPIETARIO,
    NACIMIENTO,
    ESTADO,
    PROVENIENCIA,
    COLOR,
    PESO,
    GRUPO,
    SEXO,
    COMPRA,
    VENTA,
    EDAD,
    PARTO
) VALUES (
    '0048-23',
    3,
    TO_DATE('2023-10-01', 'YYYY-MM-DD'),
    'M',
    'C',
    'ROJO',
    144,
    NULL,
    'H',
    32023100101,
    NULL,
    6,
    NULL
);

INSERT INTO ANIMALES (
    ID,
    PROPIETARIO,
    NACIMIENTO,
    ESTADO,
    PROVENIENCIA,
    COLOR,
    PESO,
    GRUPO,
    SEXO,
    COMPRA,
    VENTA,
    EDAD,
    PARTO
) VALUES (
    '0050-23',
    3,
    TO_DATE('2023-10-01', 'YYYY-MM-DD'),
    'M',
    'C',
    'ROJO',
    135,
    NULL,
    'H',
    32023100101,
    NULL,
    6,
    NULL
);

INSERT INTO ANIMALES (
    ID,
    PROPIETARIO,
    NACIMIENTO,
    ESTADO,
    PROVENIENCIA,
    COLOR,
    PESO,
    GRUPO,
    SEXO,
    COMPRA,
    VENTA,
    EDAD,
    PARTO
) VALUES (
    '0052-23',
    3,
    TO_DATE('2023-10-01', 'YYYY-MM-DD'),
    'M',
    'C',
    'ROJO',
    129,
    NULL,
    'H',
    32023100101,
    NULL,
    6,
    NULL
);

INSERT INTO ANIMALES (
    ID,
    PROPIETARIO,
    NACIMIENTO,
    ESTADO,
    PROVENIENCIA,
    COLOR,
    PESO,
    GRUPO,
    SEXO,
    COMPRA,
    VENTA,
    EDAD,
    PARTO
) VALUES (
    '0054-23',
    3,
    TO_DATE('2023-10-01', 'YYYY-MM-DD'),
    'M',
    'C',
    'ROJO',
    159,
    NULL,
    'H',
    32023100101,
    NULL,
    6,
    NULL
);

INSERT INTO ANIMALES (
    ID,
    PROPIETARIO,
    NACIMIENTO,
    ESTADO,
    PROVENIENCIA,
    COLOR,
    PESO,
    GRUPO,
    SEXO,
    COMPRA,
    VENTA,
    EDAD,
    PARTO
) VALUES (
    '0364-23',
    2,
    TO_DATE('2023-10-05', 'YYYY-MM-DD'),
    'A',
    'C',
    'GYROLANDO',
    510,
    'L',
    'H',
    22023100501,
    NULL,
    6,
    NULL
);

INSERT INTO ANIMALES (
    ID,
    PROPIETARIO,
    NACIMIENTO,
    ESTADO,
    PROVENIENCIA,
    COLOR,
    PESO,
    GRUPO,
    SEXO,
    COMPRA,
    VENTA,
    EDAD,
    PARTO
) VALUES (
    '0100-23',
    2,
    TO_DATE('2023-10-05', 'YYYY-MM-DD'),
    'A',
    'C',
    'GYR',
    55,
    'L',
    'H',
    22023100501,
    NULL,
    6,
    NULL
);

INSERT INTO ANIMALES (
    ID,
    PROPIETARIO,
    NACIMIENTO,
    ESTADO,
    PROVENIENCIA,
    COLOR,
    PESO,
    GRUPO,
    SEXO,
    COMPRA,
    VENTA,
    EDAD,
    PARTO
) VALUES (
    '0333-23',
    2,
    TO_DATE('2023-10-05', 'YYYY-MM-DD'),
    'A',
    'C',
    'ROJO',
    450,
    'H',
    'M',
    22023100501,
    NULL,
    6,
    NULL
);

INSERT INTO ANIMALES (
    ID,
    PROPIETARIO,
    NACIMIENTO,
    ESTADO,
    PROVENIENCIA,
    COLOR,
    PESO,
    GRUPO,
    SEXO,
    COMPRA,
    VENTA,
    EDAD,
    PARTO
) VALUES (
    '0924-23',
    2,
    TO_DATE('2023-10-05', 'YYYY-MM-DD'),
    'A',
    'C',
    'GYR',
    480,
    'L',
    'H',
    22023100501,
    NULL,
    6,
    NULL
);

INSERT INTO ANIMALES (
    ID,
    PROPIETARIO,
    NACIMIENTO,
    ESTADO,
    PROVENIENCIA,
    COLOR,
    PESO,
    GRUPO,
    SEXO,
    COMPRA,
    VENTA,
    EDAD,
    PARTO
) VALUES (
    '0102-23',
    2,
    TO_DATE('2023-10-05', 'YYYY-MM-DD'),
    'A',
    'C',
    'GYROLANDO',
    60,
    'L',
    'H',
    22023100501,
    NULL,
    6,
    NULL
);

INSERT INTO HEMBRASACTIVAS (
    ANIMAL,
    PROPIETARIOANIMAL
) VALUES (
    '0002-21',
    1
);

INSERT INTO HEMBRASACTIVAS (
    ANIMAL,
    PROPIETARIOANIMAL
) VALUES (
    '0004-21',
    1
);

INSERT INTO HEMBRASACTIVAS (
    ANIMAL,
    PROPIETARIOANIMAL
) VALUES (
    '0006-21',
    1
);

INSERT INTO HEMBRASACTIVAS (
    ANIMAL,
    PROPIETARIOANIMAL
) VALUES (
    '0008-21',
    1
);

INSERT INTO HEMBRASACTIVAS (
    ANIMAL,
    PROPIETARIOANIMAL
) VALUES (
    '0010-21',
    1
);

INSERT INTO HEMBRASACTIVAS (
    ANIMAL,
    PROPIETARIOANIMAL
) VALUES (
    '0012-21',
    1
);

INSERT INTO HEMBRASACTIVAS (
    ANIMAL,
    PROPIETARIOANIMAL
) VALUES (
    '0014-21',
    2
);

INSERT INTO HEMBRASACTIVAS (
    ANIMAL,
    PROPIETARIOANIMAL
) VALUES (
    '0016-21',
    2
);

INSERT INTO HEMBRASACTIVAS (
    ANIMAL,
    PROPIETARIOANIMAL
) VALUES (
    '0018-21',
    2
);

INSERT INTO HEMBRASACTIVAS (
    ANIMAL,
    PROPIETARIOANIMAL
) VALUES (
    '0364-23',
    2
);

INSERT INTO HEMBRASACTIVAS (
    ANIMAL,
    PROPIETARIOANIMAL
) VALUES (
    '0924-23',
    2
);

INSERT INTO MACHOSACTIVOS (
    ANIMAL,
    PROPIETARIOANIMAL
) VALUES (
    '0001-21',
    1
);

INSERT INTO MACHOSACTIVOS (
    ANIMAL,
    PROPIETARIOANIMAL
) VALUES (
    '0003-21',
    1
);

INSERT INTO MACHOSACTIVOS (
    ANIMAL,
    PROPIETARIOANIMAL
) VALUES (
    '0005-21',
    1
);

INSERT INTO FERTILIDADES (
    ID,
    HEMBRAACTIVA,
    PROPIETARIOHEMBRAACTIVA,
    VETERINARIO,
    FECHA,
    DIAGNOSTICO,
    DIAS
) VALUES (
    '202310230004-211',
    '0004-21',
    1,
    'VE12577',
    TO_DATE('2023-10-23', 'YYYY-MM-DD'),
    'P',
    180
);

INSERT INTO FERTILIDADES (
    ID,
    HEMBRAACTIVA,
    PROPIETARIOHEMBRAACTIVA,
    VETERINARIO,
    FECHA,
    DIAGNOSTICO,
    DIAS
) VALUES (
    '202310240006-211',
    '0006-21',
    1,
    'VE12577',
    TO_DATE('2023-10-24', 'YYYY-MM-DD'),
    'P',
    180
);

INSERT INTO FERTILIDADES (
    ID,
    HEMBRAACTIVA,
    PROPIETARIOHEMBRAACTIVA,
    VETERINARIO,
    FECHA,
    DIAGNOSTICO,
    DIAS
) VALUES (
    '202310250008-211',
    '0008-21',
    1,
    'VE12577',
    TO_DATE('2023-10-25', 'YYYY-MM-DD'),
    'P',
    180
);

INSERT INTO FERTILIDADES (
    ID,
    HEMBRAACTIVA,
    PROPIETARIOHEMBRAACTIVA,
    VETERINARIO,
    FECHA,
    DIAGNOSTICO,
    DIAS
) VALUES (
    '202310260010-211',
    '0010-21',
    1,
    'VE12577',
    TO_DATE('2023-10-26', 'YYYY-MM-DD'),
    'P',
    210
);

INSERT INTO FERTILIDADES (
    ID,
    HEMBRAACTIVA,
    PROPIETARIOHEMBRAACTIVA,
    VETERINARIO,
    FECHA,
    DIAGNOSTICO,
    DIAS
) VALUES (
    '202310270012-211',
    '0012-21',
    1,
    'VE12577',
    TO_DATE('2023-10-27', 'YYYY-MM-DD'),
    'PP',
    NULL
);

INSERT INTO FERTILIDADES (
    ID,
    HEMBRAACTIVA,
    PROPIETARIOHEMBRAACTIVA,
    VETERINARIO,
    FECHA,
    DIAGNOSTICO,
    DIAS
) VALUES (
    '202310280014-212',
    '0014-21',
    2,
    'VE12577',
    TO_DATE('2023-10-28', 'YYYY-MM-DD'),
    'P',
    210
);

INSERT INTO FERTILIDADES (
    ID,
    HEMBRAACTIVA,
    PROPIETARIOHEMBRAACTIVA,
    VETERINARIO,
    FECHA,
    DIAGNOSTICO,
    DIAS
) VALUES (
    '202310290016-212',
    '0016-21',
    2,
    'VE12577',
    TO_DATE('2023-10-29', 'YYYY-MM-DD'),
    'P',
    210
);

INSERT INTO FERTILIDADES (
    ID,
    HEMBRAACTIVA,
    PROPIETARIOHEMBRAACTIVA,
    VETERINARIO,
    FECHA,
    DIAGNOSTICO,
    DIAS
) VALUES (
    '202310300018-212',
    '0018-21',
    2,
    'VE12577',
    TO_DATE('2023-10-30', 'YYYY-MM-DD'),
    'VN',
    NULL
);

INSERT INTO FERTILIDADES (
    ID,
    HEMBRAACTIVA,
    PROPIETARIOHEMBRAACTIVA,
    VETERINARIO,
    FECHA,
    DIAGNOSTICO,
    DIAS
) VALUES (
    '202310310364-232',
    '0364-23',
    2,
    'VE12577',
    TO_DATE('2023-10-31', 'YYYY-MM-DD'),
    'P',
    45
);

INSERT INTO FERTILIDADES (
    ID,
    HEMBRAACTIVA,
    PROPIETARIOHEMBRAACTIVA,
    VETERINARIO,
    FECHA,
    DIAGNOSTICO,
    DIAS
) VALUES (
    '202310310924-232',
    '0924-23',
    2,
    'VE12577',
    TO_DATE('2023-10-31', 'YYYY-MM-DD'),
    'PP',
    NULL
);

INSERT INTO FERTILIDADESCONFIRMADAS (
    FERTILIDAD,
    MACHOACTIVO,
    PROPIETARIOMACHOACTIVO
) VALUES (
    '202310230004-211',
    '0003-21',
    1
);

INSERT INTO FERTILIDADESCONFIRMADAS (
    FERTILIDAD,
    MACHOACTIVO,
    PROPIETARIOMACHOACTIVO
) VALUES (
    '202310240006-211',
    '0001-21',
    1
);

INSERT INTO FERTILIDADESCONFIRMADAS (
    FERTILIDAD,
    MACHOACTIVO,
    PROPIETARIOMACHOACTIVO
) VALUES (
    '202310250008-211',
    '0001-21',
    1
);

INSERT INTO FERTILIDADESCONFIRMADAS (
    FERTILIDAD,
    MACHOACTIVO,
    PROPIETARIOMACHOACTIVO
) VALUES (
    '202310260010-211',
    '0003-21',
    1
);

INSERT INTO FERTILIDADESCONFIRMADAS (
    FERTILIDAD,
    MACHOACTIVO,
    PROPIETARIOMACHOACTIVO
) VALUES (
    '202310280014-212',
    '0003-21',
    1
);

INSERT INTO FERTILIDADESCONFIRMADAS (
    FERTILIDAD,
    MACHOACTIVO,
    PROPIETARIOMACHOACTIVO
) VALUES (
    '202310290016-212',
    '0003-21',
    1
);

INSERT INTO PARTOS (
    ID,
    HEMBRAACTIVA,
    PROPIETARIOHEMBRAACTIVA,
    FECHA,
    OBSERVACION,
    FECHADESTETE,
    FERTILIDADCONFIRMADA
) VALUES (
    '202301080004-211',
    '0004-21',
    1,
    TO_DATE('2023-01-08', 'YYYY-MM-DD'),
    NULL,
    TO_DATE('2023-10-08', 'YYYY-MM-DD'),
    '202310230004-211'
);

INSERT INTO PARTOS (
    ID,
    HEMBRAACTIVA,
    PROPIETARIOHEMBRAACTIVA,
    FECHA,
    OBSERVACION,
    FECHADESTETE,
    FERTILIDADCONFIRMADA
) VALUES (
    '202301240006-211',
    '0006-21',
    1,
    TO_DATE('2023-01-24', 'YYYY-MM-DD'),
    NULL,
    TO_DATE('2023-10-24', 'YYYY-MM-DD'),
    '202310240006-211'
);

INSERT INTO PARTOS (
    ID,
    HEMBRAACTIVA,
    PROPIETARIOHEMBRAACTIVA,
    FECHA,
    OBSERVACION,
    FECHADESTETE,
    FERTILIDADCONFIRMADA
) VALUES (
    '202301240008-211',
    '0008-21',
    1,
    TO_DATE('2023-01-24', 'YYYY-MM-DD'),
    NULL,
    TO_DATE('2023-10-24', 'YYYY-MM-DD'),
    '202310250008-211'
);

INSERT INTO PARTOS (
    ID,
    HEMBRAACTIVA,
    PROPIETARIOHEMBRAACTIVA,
    FECHA,
    OBSERVACION,
    FECHADESTETE,
    FERTILIDADCONFIRMADA
) VALUES (
    '202302010010-211',
    '0010-21',
    1,
    TO_DATE('2023-02-01', 'YYYY-MM-DD'),
    NULL,
    TO_DATE('2023-11-01', 'YYYY-MM-DD'),
    '202310260010-211'
);

INSERT INTO PARTOS (
    ID,
    HEMBRAACTIVA,
    PROPIETARIOHEMBRAACTIVA,
    FECHA,
    OBSERVACION,
    FECHADESTETE,
    FERTILIDADCONFIRMADA
) VALUES (
    '202302020014-212',
    '0014-21',
    2,
    TO_DATE('2023-02-02', 'YYYY-MM-DD'),
    NULL,
    TO_DATE('2023-11-02', 'YYYY-MM-DD'),
    '202310280014-212'
);

INSERT INTO PARTOS (
    ID,
    HEMBRAACTIVA,
    PROPIETARIOHEMBRAACTIVA,
    FECHA,
    OBSERVACION,
    FECHADESTETE,
    FERTILIDADCONFIRMADA
) VALUES (
    '202303110016-212',
    '0016-21',
    2,
    TO_DATE('2023-03-11', 'YYYY-MM-DD'),
    NULL,
    TO_DATE('2023-12-11', 'YYYY-MM-DD'),
    '202310290016-212'
);

INSERT INTO ANIMALES (
    ID,
    PROPIETARIO,
    NACIMIENTO,
    ESTADO,
    PROVENIENCIA,
    COLOR,
    PESO,
    GRUPO,
    SEXO,
    COMPRA,
    VENTA,
    EDAD,
    PARTO
) VALUES (
    '0022-23',
    1,
    TO_DATE('2023-08-01', 'YYYY-MM-DD'),
    'A',
    'P',
    'GYR ROJO',
    30,
    'L',
    'H',
    NULL,
    NULL,
    0,
    '202301080004-211'
);

INSERT INTO ANIMALES (
    ID,
    PROPIETARIO,
    NACIMIENTO,
    ESTADO,
    PROVENIENCIA,
    COLOR,
    PESO,
    GRUPO,
    SEXO,
    COMPRA,
    VENTA,
    EDAD,
    PARTO
) VALUES (
    '0024-23',
    1,
    TO_DATE('2023-01-24', 'YYYY-MM-DD'),
    'A',
    'P',
    'ROJO',
    33,
    'L',
    'H',
    NULL,
    NULL,
    0,
    '202301240006-211'
);

INSERT INTO ANIMALES (
    ID,
    PROPIETARIO,
    NACIMIENTO,
    ESTADO,
    PROVENIENCIA,
    COLOR,
    PESO,
    GRUPO,
    SEXO,
    COMPRA,
    VENTA,
    EDAD,
    PARTO
) VALUES (
    '0023-23',
    1,
    TO_DATE('2023-01-24', 'YYYY-MM-DD'),
    'A',
    'P',
    'BLANCO',
    38,
    'C',
    'M',
    NULL,
    NULL,
    0,
    '202301240008-211'
);

INSERT INTO ANIMALES (
    ID,
    PROPIETARIO,
    NACIMIENTO,
    ESTADO,
    PROVENIENCIA,
    COLOR,
    PESO,
    GRUPO,
    SEXO,
    COMPRA,
    VENTA,
    EDAD,
    PARTO
) VALUES (
    '0026-23',
    1,
    TO_DATE('2023-01-02', 'YYYY-MM-DD'),
    'A',
    'P',
    'GYR ROJO',
    32,
    'L',
    'H',
    NULL,
    NULL,
    0,
    '202302010010-211'
);

INSERT INTO ANIMALES (
    ID,
    PROPIETARIO,
    NACIMIENTO,
    ESTADO,
    PROVENIENCIA,
    COLOR,
    PESO,
    GRUPO,
    SEXO,
    COMPRA,
    VENTA,
    EDAD,
    PARTO
) VALUES (
    '0028-23',
    2,
    TO_DATE('2023-02-02', 'YYYY-MM-DD'),
    'A',
    'P',
    'AMARILLO',
    34,
    'L',
    'H',
    NULL,
    NULL,
    0,
    '202302020014-212'
);

INSERT INTO ANIMALES (
    ID,
    PROPIETARIO,
    NACIMIENTO,
    ESTADO,
    PROVENIENCIA,
    COLOR,
    PESO,
    GRUPO,
    SEXO,
    COMPRA,
    VENTA,
    EDAD,
    PARTO
) VALUES (
    '0030-23',
    2,
    TO_DATE('2023-11-03', 'YYYY-MM-DD'),
    'A',
    'P',
    'ROJO',
    38,
    'L',
    'H',
    NULL,
    NULL,
    0,
    '202303110016-212'
);

INSERT INTO MUERTES (
    ID,
    ANIMAL,
    PROPIETARIOANIMAL,
    FECHA,
    DETALLE
) VALUES (
    '202310280048-233',
    '0048-23',
    3,
    TO_DATE(20231028, 'YYYYMMDD'),
    'Muerte natural'
);

INSERT INTO MUERTES (
    ID,
    ANIMAL,
    PROPIETARIOANIMAL,
    FECHA,
    DETALLE
) VALUES (
    '202310280050-233',
    '0050-23',
    3,
    TO_DATE(20231028, 'YYYYMMDD'),
    'Muerte natural'
);

INSERT INTO MUERTES (
    ID,
    ANIMAL,
    PROPIETARIOANIMAL,
    FECHA,
    DETALLE
) VALUES (
    '202310280052-233',
    '0052-23',
    3,
    TO_DATE(20231028, 'YYYYMMDD'),
    'Picadura Culebra'
);

INSERT INTO MUERTES (
    ID,
    ANIMAL,
    PROPIETARIOANIMAL,
    FECHA,
    DETALLE
) VALUES (
    '202310280054-233',
    '0054-23',
    3,
    TO_DATE(20231028, 'YYYYMMDD'),
    'Infeccion Umbilical'
);

INSERT INTO PADRES (
    ANIMAL1,
    PROPIETARIO1,
    ANIMAL2,
    PROPIETARIO2
) VALUES (
    '0003-21',
    1,
    '0022-23',
    1
);

INSERT INTO PADRES (
    ANIMAL1,
    PROPIETARIO1,
    ANIMAL2,
    PROPIETARIO2
) VALUES (
    '0004-21',
    1,
    '0022-23',
    1
);

INSERT INTO PADRES (
    ANIMAL1,
    PROPIETARIO1,
    ANIMAL2,
    PROPIETARIO2
) VALUES (
    '0001-21',
    1,
    '0023-23',
    1
);

INSERT INTO PADRES (
    ANIMAL1,
    PROPIETARIO1,
    ANIMAL2,
    PROPIETARIO2
) VALUES (
    '0008-21',
    1,
    '0023-23',
    1
);

INSERT INTO PADRES (
    ANIMAL1,
    PROPIETARIO1,
    ANIMAL2,
    PROPIETARIO2
) VALUES (
    '0001-21',
    1,
    '0024-23',
    1
);

INSERT INTO PADRES (
    ANIMAL1,
    PROPIETARIO1,
    ANIMAL2,
    PROPIETARIO2
) VALUES (
    '0006-21',
    1,
    '0024-23',
    1
);

INSERT INTO PADRES (
    ANIMAL1,
    PROPIETARIO1,
    ANIMAL2,
    PROPIETARIO2
) VALUES (
    '0003-21',
    1,
    '0026-23',
    1
);

INSERT INTO PADRES (
    ANIMAL1,
    PROPIETARIO1,
    ANIMAL2,
    PROPIETARIO2
) VALUES (
    '0010-21',
    1,
    '0026-23',
    1
);

INSERT INTO PADRES (
    ANIMAL1,
    PROPIETARIO1,
    ANIMAL2,
    PROPIETARIO2
) VALUES (
    '0014-21',
    2,
    '0028-23',
    2
);

INSERT INTO PADRES (
    ANIMAL1,
    PROPIETARIO1,
    ANIMAL2,
    PROPIETARIO2
) VALUES (
    '0016-21',
    2,
    '0030-23',
    2
);

INSERT INTO PADRES (
    ANIMAL1,
    PROPIETARIO1,
    ANIMAL2,
    PROPIETARIO2
) VALUES (
    '0364-23',
    2,
    '0100-23',
    2
);

INSERT INTO PADRES (
    ANIMAL1,
    PROPIETARIO1,
    ANIMAL2,
    PROPIETARIO2
) VALUES (
    '0924-23',
    2,
    '0102-23',
    2
);

INSERT INTO MEDICAMENTOS (
    ID,
    UNIDADES,
    NOMBRE
) VALUES (
    1,
    5,
    'Medicine1'
);

INSERT INTO MEDICAMENTOS (
    ID,
    UNIDADES,
    NOMBRE
) VALUES (
    2,
    82,
    'Medicine2'
);

INSERT INTO MEDICAMENTOS (
    ID,
    UNIDADES,
    NOMBRE
) VALUES (
    3,
    56,
    'Medicine3'
);

INSERT INTO MEDICAMENTOS (
    ID,
    UNIDADES,
    NOMBRE
) VALUES (
    4,
    73,
    'Medicine4'
);

INSERT INTO MEDICAMENTOS (
    ID,
    UNIDADES,
    NOMBRE
) VALUES (
    5,
    8,
    'Medicine5'
);

INSERT INTO MEDICAMENTOS (
    ID,
    UNIDADES,
    NOMBRE
) VALUES (
    6,
    17,
    'Medicine6'
);

INSERT INTO MEDICAMENTOS (
    ID,
    UNIDADES,
    NOMBRE
) VALUES (
    7,
    20,
    'Medicine7'
);

INSERT INTO MEDICAMENTOS (
    ID,
    UNIDADES,
    NOMBRE
) VALUES (
    8,
    83,
    'Medicine8'
);

INSERT INTO MEDICAMENTOS (
    ID,
    UNIDADES,
    NOMBRE
) VALUES (
    9,
    65,
    'Medicine9'
);

INSERT INTO MEDICAMENTOS (
    ID,
    UNIDADES,
    NOMBRE
) VALUES (
    10,
    82,
    'Medicine10'
);

INSERT INTO MEDICAMENTOS (
    ID,
    UNIDADES,
    NOMBRE
) VALUES (
    11,
    28,
    'Medicine11'
);

INSERT INTO MEDICAMENTOS (
    ID,
    UNIDADES,
    NOMBRE
) VALUES (
    12,
    38,
    'Medicine12'
);

INSERT INTO MEDICAMENTOS (
    ID,
    UNIDADES,
    NOMBRE
) VALUES (
    13,
    77,
    'Medicine13'
);

INSERT INTO MEDICAMENTOS (
    ID,
    UNIDADES,
    NOMBRE
) VALUES (
    14,
    4,
    'Medicine14'
);

INSERT INTO MEDICAMENTOS (
    ID,
    UNIDADES,
    NOMBRE
) VALUES (
    15,
    9,
    'Medicine15'
);

INSERT INTO MEDICAMENTOS (
    ID,
    UNIDADES,
    NOMBRE
) VALUES (
    16,
    35,
    'Medicine16'
);

INSERT INTO MEDICAMENTOS (
    ID,
    UNIDADES,
    NOMBRE
) VALUES (
    17,
    85,
    'Medicine17'
);

INSERT INTO MEDICAMENTOS (
    ID,
    UNIDADES,
    NOMBRE
) VALUES (
    18,
    69,
    'Medicine18'
);

INSERT INTO MEDICAMENTOS (
    ID,
    UNIDADES,
    NOMBRE
) VALUES (
    19,
    57,
    'Medicine19'
);

INSERT INTO MEDICAMENTOS (
    ID,
    UNIDADES,
    NOMBRE
) VALUES (
    20,
    96,
    'Medicine20'
);

INSERT INTO MEDICAMENTOS (
    ID,
    UNIDADES,
    NOMBRE
) VALUES (
    21,
    91,
    'Medicine21'
);

INSERT INTO MEDICAMENTOS (
    ID,
    UNIDADES,
    NOMBRE
) VALUES (
    22,
    94,
    'Medicine22'
);

INSERT INTO MEDICAMENTOS (
    ID,
    UNIDADES,
    NOMBRE
) VALUES (
    23,
    39,
    'Medicine23'
);

INSERT INTO MEDICAMENTOS (
    ID,
    UNIDADES,
    NOMBRE
) VALUES (
    24,
    72,
    'Medicine24'
);

INSERT INTO MEDICAMENTOS (
    ID,
    UNIDADES,
    NOMBRE
) VALUES (
    25,
    89,
    'Medicine25'
);

INSERT INTO MEDICAMENTOS (
    ID,
    UNIDADES,
    NOMBRE
) VALUES (
    26,
    97,
    'Medicine26'
);

INSERT INTO MEDICAMENTOS (
    ID,
    UNIDADES,
    NOMBRE
) VALUES (
    27,
    16,
    'Medicine27'
);

INSERT INTO MEDICAMENTOS (
    ID,
    UNIDADES,
    NOMBRE
) VALUES (
    28,
    24,
    'Medicine28'
);

INSERT INTO MEDICAMENTOS (
    ID,
    UNIDADES,
    NOMBRE
) VALUES (
    29,
    13,
    'Medicine29'
);

INSERT INTO MEDICAMENTOS (
    ID,
    UNIDADES,
    NOMBRE
) VALUES (
    30,
    40,
    'Medicine30'
);

INSERT INTO MEDICAMENTOS (
    ID,
    UNIDADES,
    NOMBRE
) VALUES (
    31,
    87,
    'Medicine31'
);

INSERT INTO MEDICAMENTOS (
    ID,
    UNIDADES,
    NOMBRE
) VALUES (
    32,
    57,
    'Medicine32'
);

INSERT INTO MEDICAMENTOS (
    ID,
    UNIDADES,
    NOMBRE
) VALUES (
    33,
    23,
    'Medicine33'
);

INSERT INTO MEDICAMENTOS (
    ID,
    UNIDADES,
    NOMBRE
) VALUES (
    34,
    82,
    'Medicine34'
);

INSERT INTO MEDICAMENTOS (
    ID,
    UNIDADES,
    NOMBRE
) VALUES (
    35,
    22,
    'Medicine35'
);

INSERT INTO MEDICAMENTOS (
    ID,
    UNIDADES,
    NOMBRE
) VALUES (
    36,
    72,
    'Medicine36'
);

INSERT INTO MEDICAMENTOS (
    ID,
    UNIDADES,
    NOMBRE
) VALUES (
    37,
    68,
    'Medicine37'
);

INSERT INTO MEDICAMENTOS (
    ID,
    UNIDADES,
    NOMBRE
) VALUES (
    38,
    92,
    'Medicine38'
);

INSERT INTO MEDICAMENTOS (
    ID,
    UNIDADES,
    NOMBRE
) VALUES (
    39,
    56,
    'Medicine39'
);

INSERT INTO MEDICAMENTOS (
    ID,
    UNIDADES,
    NOMBRE
) VALUES (
    40,
    78,
    'Medicine40'
);

INSERT INTO MEDICAMENTOS (
    ID,
    UNIDADES,
    NOMBRE
) VALUES (
    41,
    86,
    'Medicine41'
);

INSERT INTO MEDICAMENTOS (
    ID,
    UNIDADES,
    NOMBRE
) VALUES (
    42,
    6,
    'Medicine42'
);

INSERT INTO MEDICAMENTOS (
    ID,
    UNIDADES,
    NOMBRE
) VALUES (
    43,
    17,
    'Medicine43'
);

INSERT INTO MEDICAMENTOS (
    ID,
    UNIDADES,
    NOMBRE
) VALUES (
    44,
    13,
    'Medicine44'
);

INSERT INTO MEDICAMENTOS (
    ID,
    UNIDADES,
    NOMBRE
) VALUES (
    45,
    84,
    'Medicine45'
);

INSERT INTO MEDICAMENTOS (
    ID,
    UNIDADES,
    NOMBRE
) VALUES (
    46,
    19,
    'Medicine46'
);

INSERT INTO MEDICAMENTOS (
    ID,
    UNIDADES,
    NOMBRE
) VALUES (
    47,
    47,
    'Medicine47'
);

INSERT INTO MEDICAMENTOS (
    ID,
    UNIDADES,
    NOMBRE
) VALUES (
    48,
    49,
    'Medicine48'
);

INSERT INTO MEDICAMENTOS (
    ID,
    UNIDADES,
    NOMBRE
) VALUES (
    49,
    81,
    'Medicine49'
);

INSERT INTO MEDICAMENTOS (
    ID,
    UNIDADES,
    NOMBRE
) VALUES (
    50,
    70,
    'Medicine50'
);

INSERT INTO HISTORIALESCLINICOS (
    REGISTRO,
    ANIMAL,
    PROPIETARIOANIMAL,
    PROFESIONAL,
    DETALLE,
    FECHA
) VALUES(
    '202308010001-211',
    '0001-21',
    1,
    'VE12577',
    'laceracion en la pierna, aplicacion antibiotico por 5 dias, analgesico y anti-inflamatorio por 3 dias.',
    TO_DATE('2023-08-01', 'YYYY-MM-DD')
);

INSERT INTO HISTORIALESCLINICOS (
    REGISTRO,
    ANIMAL,
    PROPIETARIOANIMAL,
    PROFESIONAL,
    DETALLE,
    FECHA
) VALUES(
    '202301250008-211',
    '0008-21',
    1,
    'VE12577',
    'retencion placentaria, aplicacion de inductor de contracciones uterinas',
    TO_DATE('2023-01-25', 'YYYY-MM-DD')
);

INSERT INTO HISTORIALESCLINICOS (
    REGISTRO,
    ANIMAL,
    PROPIETARIOANIMAL,
    PROFESIONAL,
    DETALLE,
    FECHA
) VALUES(
    '202310240006-211',
    '0006-21',
    1,
    'VE12577',
    'pequenos quistes en los ovarios',
    TO_DATE('2023-10-24', 'YYYY-MM-DD')
);

INSERT INTO HISTORIALESCLINICOS (
    REGISTRO,
    ANIMAL,
    PROPIETARIOANIMAL,
    PROFESIONAL,
    DETALLE,
    FECHA
) VALUES(
    '202310240016-212',
    '0016-21',
    2,
    'VE12577',
    'pequenos quistes en los ovarios',
    TO_DATE('2023-10-24', 'YYYY-MM-DD')
);

INSERT INTO EMPLEADOS (
    ID,
    NODOCUMENTO,
    TIPODOCUMENTO,
    NOMBRE,
    CARGO
) VALUES(
    'CCE1105785643',
    1105785643,
    'CC',
    'Albeiro Morales Aguirre',
    'Encargado'
);

INSERT INTO EMPLEADOS (
    ID,
    NODOCUMENTO,
    TIPODOCUMENTO,
    NOMBRE,
    CARGO
) VALUES(
    'CCA1106742823',
    1106742823,
    'CC',
    'Manuel Mancilla Rodriguez',
    'Ayudante'
);

INSERT INTO EMPLEADOS (
    ID,
    NODOCUMENTO,
    TIPODOCUMENTO,
    NOMBRE,
    CARGO
) VALUES (
    'CCE8765432109',
    8765432109,
    'CC',
    'Maria Espinosa',
    'Encargado'
);

INSERT INTO EMPLEADOS (
    ID,
    NODOCUMENTO,
    TIPODOCUMENTO,
    NOMBRE,
    CARGO
) VALUES (
    'PSA5432109876',
    5432109876,
    'PS',
    'Gustavo Paredes',
    'Ayudante'
);

INSERT INTO EMPLEADOS (
    ID,
    NODOCUMENTO,
    TIPODOCUMENTO,
    NOMBRE,
    CARGO
) VALUES (
    'CEG6543210987',
    6543210987,
    'CE',
    'Juliana Lopez',
    'Gerente'
);

INSERT INTO EMPLEADOS (
    ID,
    NODOCUMENTO,
    TIPODOCUMENTO,
    NOMBRE,
    CARGO
) VALUES (
    'CCA4321098765',
    4321098765,
    'CC',
    'Fernando Castillo',
    'Asistente'
);

INSERT INTO EMPLEADOS (
    ID,
    NODOCUMENTO,
    TIPODOCUMENTO,
    NOMBRE,
    CARGO
) VALUES (
    'PSS3210987654',
    3210987654,
    'PS',
    'Sara Hernandez',
    'Supervisor'
);

INSERT INTO EMPLEADOS (
    ID,
    NODOCUMENTO,
    TIPODOCUMENTO,
    NOMBRE,
    CARGO
) VALUES (
    'CCE2109876543',
    2109876543,
    'CC',
    'Eduardo Perez',
    'Encargado'
);

INSERT INTO EMPLEADOS (
    ID,
    NODOCUMENTO,
    TIPODOCUMENTO,
    NOMBRE,
    CARGO
) VALUES (
    'PSA1098765432',
    1098765432,
    'PS',
    'Luisa Rairez',
    'Ayudante'
);

INSERT INTO EMPLEADOS (
    ID,
    NODOCUMENTO,
    TIPODOCUMENTO,
    NOMBRE,
    CARGO
) VALUES (
    'CEG987654321',
    987654321,
    'CE',
    'Juan Carlos',
    'Gerente'
);

INSERT INTO EMPLEADOS (
    ID,
    NODOCUMENTO,
    TIPODOCUMENTO,
    NOMBRE,
    CARGO
) VALUES (
    'CCA9876543210',
    9876543210,
    'CC',
    'Alejandra Alvarado',
    'Asistente'
);

INSERT INTO EMPLEADOS (
    ID,
    NODOCUMENTO,
    TIPODOCUMENTO,
    NOMBRE,
    CARGO
) VALUES (
    'PSS8765432109',
    8765432109,
    'PS',
    'Miguel Martinez',
    'Supervisor'
);

INSERT INTO EMPLEADOS (
    ID,
    NODOCUMENTO,
    TIPODOCUMENTO,
    NOMBRE,
    CARGO
) VALUES (
    'CCE8765432108',
    8765432108,
    'CC',
    'Mario Espinosa',
    'Encargado'
);

INSERT INTO EMPLEADOS (
    ID,
    NODOCUMENTO,
    TIPODOCUMENTO,
    NOMBRE,
    CARGO
) VALUES (
    'CEA5432109876',
    5432109876,
    'CE',
    'Ana Torres',
    'Ayudante'
);

INSERT INTO EMPLEADOS (
    ID,
    NODOCUMENTO,
    TIPODOCUMENTO,
    NOMBRE,
    CARGO
) VALUES (
    'CCG7543210987',
    7543210987,
    'CC',
    'Pedro Lopez',
    'Gerente'
);

INSERT INTO EMPLEADOS (
    ID,
    NODOCUMENTO,
    TIPODOCUMENTO,
    NOMBRE,
    CARGO
) VALUES (
    'CCA4321098764',
    4321098764,
    'CC',
    'Fabiola Castillo',
    'Asistente'
);

INSERT INTO EMPLEADOS (
    ID,
    NODOCUMENTO,
    TIPODOCUMENTO,
    NOMBRE,
    CARGO
) VALUES (
    'PSS3210987653',
    3210987653,
    'PS',
    'Santiago Hernandez',
    'Supervisor'
);

INSERT INTO EMPLEADOS (
    ID,
    NODOCUMENTO,
    TIPODOCUMENTO,
    NOMBRE,
    CARGO
) VALUES (
    'CCE2109876542',
    2109876542,
    'CC',
    'Elena Perez',
    'Encargado'
);

INSERT INTO EMPLEADOS (
    ID,
    NODOCUMENTO,
    TIPODOCUMENTO,
    NOMBRE,
    CARGO
) VALUES (
    'PSA1098765431',
    1098765431,
    'PS',
    'Luis Ramirez',
    'Ayudante'
);

INSERT INTO EMPLEADOS (
    ID,
    NODOCUMENTO,
    TIPODOCUMENTO,
    NOMBRE,
    CARGO
) VALUES (
    'CEG987654320',
    987654320,
    'CE',
    'Juanita Carlos',
    'Gerente'
);

INSERT INTO EMPLEADOS (
    ID,
    NODOCUMENTO,
    TIPODOCUMENTO,
    NOMBRE,
    CARGO
) VALUES (
    'CCA9876543209',
    9876543209,
    'CC',
    'Alejandro Alvarado',
    'Asistente'
);

INSERT INTO EMPLEADOS (
    ID,
    NODOCUMENTO,
    TIPODOCUMENTO,
    NOMBRE,
    CARGO
) VALUES (
    'PSS8765432108',
    8765432108,
    'PS',
    'Monica Martinez',
    'Supervisor'
);

INSERT INTO USAMEDICAMENTOS(
    MEDICAMENTO,
    HISTORIALCLINICO,
    EMPLEADO,
    CANTIDAD
) VALUES(
    1,
    '202308010001-211',
    'CCA4321098765',
    3
);

INSERT INTO USAMEDICAMENTOS(
    MEDICAMENTO,
    HISTORIALCLINICO,
    EMPLEADO,
    CANTIDAD
) VALUES(
    2,
    '202308010001-211',
    'CCA4321098765',
    5
);

INSERT INTO USAMEDICAMENTOS(
    MEDICAMENTO,
    HISTORIALCLINICO,
    EMPLEADO,
    CANTIDAD
) VALUES(
    5,
    '202308010001-211',
    'CCA4321098765',
    5
);

INSERT INTO USAMEDICAMENTOS(
    MEDICAMENTO,
    HISTORIALCLINICO,
    EMPLEADO,
    CANTIDAD
) VALUES(
    21,
    '202308010001-211',
    'CCA4321098765',
    5
);

INSERT INTO USAMEDICAMENTOS(
    MEDICAMENTO,
    HISTORIALCLINICO,
    EMPLEADO,
    CANTIDAD
) VALUES(
    10,
    '202301250008-211',
    'CCA4321098765',
    9
);

INSERT INTO USAMEDICAMENTOS(
    MEDICAMENTO,
    HISTORIALCLINICO,
    EMPLEADO,
    CANTIDAD
) VALUES(
    1,
    '202301250008-211',
    'CCA4321098765',
    2
);

INSERT INTO USAMEDICAMENTOS(
    MEDICAMENTO,
    HISTORIALCLINICO,
    EMPLEADO,
    CANTIDAD
) VALUES(
    3,
    '202301250008-211',
    'CCA4321098765',
    9
);

INSERT INTO USAMEDICAMENTOS(
    MEDICAMENTO,
    HISTORIALCLINICO,
    EMPLEADO,
    CANTIDAD
) VALUES(
    13,
    '202301250008-211',
    'CCA4321098765',
    9
);

INSERT INTO USAMEDICAMENTOS(
    MEDICAMENTO,
    HISTORIALCLINICO,
    EMPLEADO,
    CANTIDAD
) VALUES(
    10,
    '202310240006-211',
    'CCA4321098765',
    9
);

INSERT INTO USAMEDICAMENTOS(
    MEDICAMENTO,
    HISTORIALCLINICO,
    EMPLEADO,
    CANTIDAD
) VALUES(
    25,
    '202310240006-211',
    'CCA4321098765',
    7
);

INSERT INTO USAMEDICAMENTOS(
    MEDICAMENTO,
    HISTORIALCLINICO,
    EMPLEADO,
    CANTIDAD
) VALUES(
    50,
    '202310240006-211',
    'CCA4321098765',
    2
);

INSERT INTO USAMEDICAMENTOS(
    MEDICAMENTO,
    HISTORIALCLINICO,
    EMPLEADO,
    CANTIDAD
) VALUES(
    1,
    '202310240006-211',
    'CCA4321098765',
    1
);

INSERT INTO USAMEDICAMENTOS(
    MEDICAMENTO,
    HISTORIALCLINICO,
    EMPLEADO,
    CANTIDAD
) VALUES(
    1,
    '202310240016-212',
    'CCA4321098765',
    1
);

INSERT INTO USAMEDICAMENTOS(
    MEDICAMENTO,
    HISTORIALCLINICO,
    EMPLEADO,
    CANTIDAD
) VALUES(
    2,
    '202310240016-212',
    'CCA4321098765',
    3
);

INSERT INTO USAMEDICAMENTOS(
    MEDICAMENTO,
    HISTORIALCLINICO,
    EMPLEADO,
    CANTIDAD
) VALUES(
    10,
    '202310240016-212',
    'CCA4321098765',
    1
);

COMMIT;